{
  "experiment": "Data Augmentation (Strong)",
  "checkpoint": "checkpoints/exp2_augmented/best_model_overall_acc_0.9280.pth",
  "validation": {
    "per_class": {
      "Peloid": {
        "precision": 0.9591397849462365,
        "recall": 0.9695652173913043,
        "pr_auc": 0.9564637256151983,
        "support": 460
      },
      "Ooid": {
        "precision": 0.6785714285714286,
        "recall": 0.9047619047619048,
        "pr_auc": 0.6215213358070502,
        "support": 42
      },
      "Broken ooid": {
        "precision": 1.0,
        "recall": 0.16666666666666666,
        "pr_auc": 0.17613636363636362,
        "support": 6
      },
      "Intraclast": {
        "precision": 0.8333333333333334,
        "recall": 0.25,
        "pr_auc": 0.23674242424242425,
        "support": 20
      }
    }
  },
  "test": {
    "per_class": {
      "Peloid": {
        "precision": 0.96529284164859,
        "recall": 0.967391304347826,
        "pr_auc": 0.9621712886836785,
        "support": 460
      },
      "Ooid": {
        "precision": 0.7115384615384616,
        "recall": 0.8809523809523809,
        "pr_auc": 0.6362832976727116,
        "support": 42
      },
      "Broken ooid": {
        "precision": 0.3333333333333333,
        "recall": 0.16666666666666666,
        "pr_auc": 0.06500735139676539,
        "support": 6
      },
      "Intraclast": {
        "precision": 0.6923076923076923,
        "recall": 0.42857142857142855,
        "pr_auc": 0.3193876067222003,
        "support": 21
      }
    }
  }
}