{
  "experiment": "Class Weighting (Custom Weights)",
  "checkpoint": "checkpoints/exp3_weighted/best_model_overall_acc_0.9413.pth",
  "validation": {
    "per_class": {
      "Peloid": {
        "precision": 0.9758771929824561,
        "recall": 0.967391304347826,
        "pr_auc": 0.9724642015116843,
        "support": 460
      },
      "Ooid": {
        "precision": 0.7608695652173914,
        "recall": 0.8333333333333334,
        "pr_auc": 0.6473155467720686,
        "support": 42
      },
      "Broken ooid": {
        "precision": 0.6666666666666666,
        "recall": 0.6666666666666666,
        "pr_auc": 0.4482323232323232,
        "support": 6
      },
      "Intraclast": {
        "precision": 0.65,
        "recall": 0.65,
        "pr_auc": 0.4357575757575758,
        "support": 20
      }
    }
  },
  "test": {
    "per_class": {
      "Peloid": {
        "precision": 0.977924944812362,
        "recall": 0.9630434782608696,
        "pr_auc": 0.9739203461902795,
        "support": 460
      },
      "Ooid": {
        "precision": 0.7777777777777778,
        "recall": 0.8333333333333334,
        "pr_auc": 0.6613806623258419,
        "support": 42
      },
      "Broken ooid": {
        "precision": 0.8333333333333334,
        "recall": 0.8333333333333334,
        "pr_auc": 0.6963348036126865,
        "support": 6
      },
      "Intraclast": {
        "precision": 0.52,
        "recall": 0.6190476190476191,
        "pr_auc": 0.3370276352506976,
        "support": 21
      }
    }
  }
}