{
  "checkpoint": "checkpoints/new_split_v2/best_model_overall_acc_0.9337.pth",
  "thresholds": {
    "t1": 0.5,
    "t2": 0.5,
    "t3": 0.5
  },
  "validation": {
    "overall": {
      "accuracy": 0.9337121212121212,
      "macro_precision": 0.7690004426975035,
      "macro_recall": 0.7119824016563147,
      "macro_f1": 0.7347922375884266
    },
    "per_class": {
      "Peloid": {
        "precision": 0.9654427645788337,
        "recall": 0.9717391304347827,
        "f1": 0.9685807150595883,
        "pr_auc": 0.9928589993261633,
        "support": 460
      },
      "Ooid": {
        "precision": 0.7391304347826086,
        "recall": 0.8095238095238095,
        "f1": 0.7727272727272727,
        "pr_auc": 0.7067914610970687,
        "support": 42
      },
      "Broken ooid": {
        "precision": 0.8,
        "recall": 0.6666666666666666,
        "f1": 0.7272727272727273,
        "pr_auc": 0.6371212121212121,
        "support": 6
      },
      "Intraclast": {
        "precision": 0.5714285714285714,
        "recall": 0.4,
        "f1": 0.47058823529411764,
        "pr_auc": 0.3151956376956377,
        "support": 20
      }
    },
    "confusion_matrix": [
      [
        447,
        8,
        0,
        5
      ],
      [
        6,
        34,
        1,
        1
      ],
      [
        0,
        2,
        4,
        0
      ],
      [
        10,
        2,
        0,
        8
      ]
    ]
  },
  "test": {
    "overall": {
      "accuracy": 0.9489603024574669,
      "macro_precision": 0.834075284571171,
      "macro_recall": 0.7932712215320912,
      "macro_f1": 0.8122266824329931
    },
    "per_class": {
      "Peloid": {
        "precision": 0.9678800856531049,
        "recall": 0.9826086956521739,
        "f1": 0.9751887810140237,
        "pr_auc": 0.9940272786034451,
        "support": 460
      },
      "Ooid": {
        "precision": 0.868421052631579,
        "recall": 0.7857142857142857,
        "f1": 0.825,
        "pr_auc": 0.7430351268972041,
        "support": 42
      },
      "Broken ooid": {
        "precision": 0.8333333333333334,
        "recall": 0.8333333333333334,
        "f1": 0.8333333333333334,
        "pr_auc": 0.7324459147237975,
        "support": 6
      },
      "Intraclast": {
        "precision": 0.6666666666666666,
        "recall": 0.5714285714285714,
        "f1": 0.6153846153846154,
        "pr_auc": 0.3758154752449918,
        "support": 21
      }
    },
    "confusion_matrix": [
      [
        452,
        3,
        0,
        5
      ],
      [
        8,
        33,
        1,
        0
      ],
      [
        0,
        0,
        5,
        1
      ],
      [
        7,
        2,
        0,
        12
      ]
    ]
  }
}