{
  "fold": 0,
  "checkpoint": "checkpoints/fold_0/best_model_overall_acc_0.9333.pth",
  "metrics": {
    "stage1_acc": 0.9469387755102041,
    "stage1_f1": 0.9686242960579243,
    "stage1_count": 735.0,
    "stage2_acc": 0.9649122807017544,
    "stage2_f1": 0.9795918367346939,
    "stage2_count": 114.0,
    "stage3_acc": 0.9278350515463918,
    "stage3_f1": 0.9621621621621622,
    "stage3_count": 97.0,
    "overall_acc": 0.9333333333333333
  }
}